SQL> conn vinod1/vinod1;
Connected.
SQL> select * from emp;
select * from emp
              *
ERROR at line 1:
ORA-00942: table or view does not exist 


SQL> create table emp as select * from scott.emp;

Table created.

SQL> select * from emp;

no rows selected

SQL> drop table emp purge;

Table dropped.

SQL> create table emp as select * from system.emp;

Table created.

SQL> select * from emp;

no rows selected

SQL> conn system
Connected.
SQL>  select * from emp;

no rows selected

SQL> sho user;
USER is "SYSTEM"
SQL> conn vinod1/vinod1
Connected.
SQL> CREATE TABLE DEPT
  2         (DEPTNO NUMBER(2) CONSTRAINT pk_dept PRIMARY KEY,
  3          DNAME VARCHAR2(14),
  4          LOC VARCHAR2(13) );

Table created.

SQL> 
SQL> INSERT INTO DEPT VALUES (10, 'ACCOUNTING', 'NEW YORK');

1 row created.

SQL> INSERT INTO DEPT VALUES (20, 'RESEARCH',   'DALLAS');

1 row created.

SQL> INSERT INTO DEPT VALUES (30, 'SALES',      'CHICAGO');

1 row created.

SQL> INSERT INTO DEPT VALUES (40, 'OPERATIONS', 'BOSTON');

1 row created.

SQL> 
SQL> CREATE TABLE EMP
  2         (EMPNO NUMBER(4) CONSTRAINT pk_emp PRIMARY KEY,
  3          ENAME VARCHAR2(10),
  4          JOB VARCHAR2(9),
  5          MGR NUMBER(4),
  6          HIREDATE DATE,
  7          SAL NUMBER(7, 2),
  8          COMM NUMBER(7, 2),
  9          DEPTNO NUMBER(2) CONSTRAINT fk_emp_dept REFERENCES dept(deptno));
CREATE TABLE EMP
             *
ERROR at line 1:
ORA-00955: name is already used by an existing object 


SQL> 
SQL> INSERT INTO EMP VALUES
  2          (7369, 'SMITH',  'CLERK',     7902,
  3          TO_DATE('17-DEC-1980', 'DD-MON-YYYY'),  800, NULL, 20);

1 row created.

SQL> INSERT INTO EMP VALUES
  2          (7499, 'ALLEN',  'SALESMAN',  7698,
  3          TO_DATE('20-FEB-1981', 'DD-MON-YYYY'), 1600,  300, 30);

1 row created.

SQL> INSERT INTO EMP VALUES
  2          (7521, 'WARD',   'SALESMAN',  7698,
  3          TO_DATE('22-FEB-1981', 'DD-MON-YYYY'), 1250,  500, 30);

1 row created.

SQL> INSERT INTO EMP VALUES
  2          (7566, 'JONES',  'MANAGER',   7839,
  3          TO_DATE('2-APR-1981', 'DD-MON-YYYY'),  2975, NULL, 20);

1 row created.

SQL> INSERT INTO EMP VALUES
  2          (7654, 'MARTIN', 'SALESMAN',  7698,
  3          TO_DATE('28-SEP-1981', 'DD-MON-YYYY'), 1250, 1400, 30);

1 row created.

SQL> INSERT INTO EMP VALUES
  2          (7698, 'BLAKE',  'MANAGER',   7839,
  3          TO_DATE('1-MAY-1981', 'DD-MON-YYYY'),  2850, NULL, 30);

1 row created.

SQL> INSERT INTO EMP VALUES
  2          (7782, 'CLARK',  'MANAGER',   7839,
  3          TO_DATE('9-JUN-1981', 'DD-MON-YYYY'),  2450, NULL, 10);

1 row created.

SQL> INSERT INTO EMP VALUES
  2          (7788, 'SCOTT',  'ANALYST',   7566,
  3          TO_DATE('09-DEC-1982', 'DD-MON-YYYY'), 3000, NULL, 20);

1 row created.

SQL> INSERT INTO EMP VALUES
  2          (7839, 'KING',   'PRESIDENT', NULL,
  3          TO_DATE('17-NOV-1981', 'DD-MON-YYYY'), 5000, NULL, 10);

1 row created.

SQL> INSERT INTO EMP VALUES
  2          (7844, 'TURNER', 'SALESMAN',  7698,
  3          TO_DATE('8-SEP-1981', 'DD-MON-YYYY'),  1500,    0, 30);

1 row created.

SQL> INSERT INTO EMP VALUES
  2          (7876, 'ADAMS',  'CLERK',     7788,
  3          TO_DATE('12-JAN-1983', 'DD-MON-YYYY'), 1100, NULL, 20);

1 row created.

SQL> INSERT INTO EMP VALUES
  2          (7900, 'JAMES',  'CLERK',     7698,
  3          TO_DATE('3-DEC-1981', 'DD-MON-YYYY'),   950, NULL, 30);

1 row created.

SQL> INSERT INTO EMP VALUES
  2          (7902, 'FORD',   'ANALYST',   7566,
  3          TO_DATE('3-DEC-1981', 'DD-MON-YYYY'),  3000, NULL, 20);

1 row created.

SQL> INSERT INTO EMP VALUES
  2          (7934, 'MILLER', 'CLERK',     7782,
  3          TO_DATE('23-JAN-1982', 'DD-MON-YYYY'), 1300, NULL, 40);

1 row created.

SQL> 
SQL> commit;

Commit complete.

SQL> select * from emp;

     EMPNO ENAME      JOB              MGR HIREDATE         SAL       COMM      
---------- ---------- --------- ---------- --------- ---------- ----------      
    DEPTNO                                                                      
----------                                                                      
      7369 SMITH      CLERK           7902 17-DEC-80        800                 
        20                                                                      
                                                                                
      7499 ALLEN      SALESMAN        7698 20-FEB-81       1600        300      
        30                                                                      
                                                                                
      7521 WARD       SALESMAN        7698 22-FEB-81       1250        500      
        30                                                                      
                                                                                

     EMPNO ENAME      JOB              MGR HIREDATE         SAL       COMM      
---------- ---------- --------- ---------- --------- ---------- ----------      
    DEPTNO                                                                      
----------                                                                      
      7566 JONES      MANAGER         7839 02-APR-81       2975                 
        20                                                                      
                                                                                
      7654 MARTIN     SALESMAN        7698 28-SEP-81       1250       1400      
        30                                                                      
                                                                                
      7698 BLAKE      MANAGER         7839 01-MAY-81       2850                 
        30                                                                      
                                                                                

     EMPNO ENAME      JOB              MGR HIREDATE         SAL       COMM      
---------- ---------- --------- ---------- --------- ---------- ----------      
    DEPTNO                                                                      
----------                                                                      
      7782 CLARK      MANAGER         7839 09-JUN-81       2450                 
        10                                                                      
                                                                                
      7788 SCOTT      ANALYST         7566 09-DEC-82       3000                 
        20                                                                      
                                                                                
      7839 KING       PRESIDENT            17-NOV-81       5000                 
        10                                                                      
                                                                                

     EMPNO ENAME      JOB              MGR HIREDATE         SAL       COMM      
---------- ---------- --------- ---------- --------- ---------- ----------      
    DEPTNO                                                                      
----------                                                                      
      7844 TURNER     SALESMAN        7698 08-SEP-81       1500          0      
        30                                                                      
                                                                                
      7876 ADAMS      CLERK           7788 12-JAN-83       1100                 
        20                                                                      
                                                                                
      7900 JAMES      CLERK           7698 03-DEC-81        950                 
        30                                                                      
                                                                                

     EMPNO ENAME      JOB              MGR HIREDATE         SAL       COMM      
---------- ---------- --------- ---------- --------- ---------- ----------      
    DEPTNO                                                                      
----------                                                                      
      7902 FORD       ANALYST         7566 03-DEC-81       3000                 
        20                                                                      
                                                                                
      7934 MILLER     CLERK           7782 23-JAN-82       1300                 
        40                                                                      
                                                                                

14 rows selected.

SQL> set line 100;
SQL> /

     EMPNO ENAME      JOB              MGR HIREDATE         SAL       COMM     DEPTNO               
---------- ---------- --------- ---------- --------- ---------- ---------- ----------               
      7369 SMITH      CLERK           7902 17-DEC-80        800                    20               
      7499 ALLEN      SALESMAN        7698 20-FEB-81       1600        300         30               
      7521 WARD       SALESMAN        7698 22-FEB-81       1250        500         30               
      7566 JONES      MANAGER         7839 02-APR-81       2975                    20               
      7654 MARTIN     SALESMAN        7698 28-SEP-81       1250       1400         30               
      7698 BLAKE      MANAGER         7839 01-MAY-81       2850                    30               
      7782 CLARK      MANAGER         7839 09-JUN-81       2450                    10               
      7788 SCOTT      ANALYST         7566 09-DEC-82       3000                    20               
      7839 KING       PRESIDENT            17-NOV-81       5000                    10               
      7844 TURNER     SALESMAN        7698 08-SEP-81       1500          0         30               
      7876 ADAMS      CLERK           7788 12-JAN-83       1100                    20               

     EMPNO ENAME      JOB              MGR HIREDATE         SAL       COMM     DEPTNO               
---------- ---------- --------- ---------- --------- ---------- ---------- ----------               
      7900 JAMES      CLERK           7698 03-DEC-81        950                    30               
      7902 FORD       ANALYST         7566 03-DEC-81       3000                    20               
      7934 MILLER     CLERK           7782 23-JAN-82       1300                    40               

14 rows selected.

SQL> create or replace view empv(id_number,name,sal,department_id)
  2  as
  3  select empno,ename,sal,deptno
  4  from emp where deptno=30;

View created.

SQL> desc empv;
 Name                                                  Null?    Type
 ----------------------------------------------------- -------- ------------------------------------
 ID_NUMBER                                                      NUMBER(4)
 NAME                                                           VARCHAR2(10)
 SAL                                                            NUMBER(7,2)
 DEPARTMENT_ID                                                  NUMBER(2)

SQL> select * from empv;

 ID_NUMBER NAME              SAL DEPARTMENT_ID                                                      
---------- ---------- ---------- -------------                                                      
      7499 ALLEN            1600            30                                                      
      7521 WARD             1250            30                                                      
      7654 MARTIN           1250            30                                                      
      7698 BLAKE            2850            30                                                      
      7844 TURNER           1500            30                                                      
      7900 JAMES             950            30                                                      

6 rows selected.

SQL> create view empv2(departname,maxsal,minsal,totsal,avgsal)
  2  as
  3  select deptno,max(sal),min(sal),sum(sal),avg(sal) from emp
  4  group by deptno;

View created.

SQL> select * from empv2;

DEPARTNAME     MAXSAL     MINSAL     TOTSAL     AVGSAL                                              
---------- ---------- ---------- ---------- ----------                                              
        30       2850        950       9400 1566.66667                                              
        20       3000        800      10875       2175                                              
        40       1300       1300       1300       1300                                              
        10       5000       2450       7450       3725                                              

SQL> desc empv2;
 Name                                                  Null?    Type
 ----------------------------------------------------- -------- ------------------------------------
 DEPARTNAME                                                     NUMBER(2)
 MAXSAL                                                         NUMBER
 MINSAL                                                         NUMBER
 TOTSAL                                                         NUMBER
 AVGSAL                                                         NUMBER

SQL> create view deptno20 as select * from empv2;

View created.

SQL> select * from deptno20;

DEPARTNAME     MAXSAL     MINSAL     TOTSAL     AVGSAL                                              
---------- ---------- ---------- ---------- ----------                                              
        30       2850        950       9400 1566.66667                                              
        20       3000        800      10875       2175                                              
        40       1300       1300       1300       1300                                              
        10       5000       2450       7450       3725                                              

SQL> create table deptno20 as select * from emp.
  2  .
SQL> ed
Wrote file afiedt.buf

  1* create table deptno30 as select * from deptno20
SQL> /

Table created.

SQL> select * from deptno30;

DEPARTNAME     MAXSAL     MINSAL     TOTSAL     AVGSAL                                              
---------- ---------- ---------- ---------- ----------                                              
        30       2850        950       9400 1566.66667                                              
        20       3000        800      10875       2175                                              
        40       1300       1300       1300       1300                                              
        10       5000       2450       7450       3725                                              

SQL> create view v1
  2  as
  3  select * from emp;

View created.

SQL> select * from v1;

     EMPNO ENAME      JOB              MGR HIREDATE         SAL       COMM     DEPTNO               
---------- ---------- --------- ---------- --------- ---------- ---------- ----------               
      7369 SMITH      CLERK           7902 17-DEC-80        800                    20               
      7499 ALLEN      SALESMAN        7698 20-FEB-81       1600        300         30               
      7521 WARD       SALESMAN        7698 22-FEB-81       1250        500         30               
      7566 JONES      MANAGER         7839 02-APR-81       2975                    20               
      7654 MARTIN     SALESMAN        7698 28-SEP-81       1250       1400         30               
      7698 BLAKE      MANAGER         7839 01-MAY-81       2850                    30               
      7782 CLARK      MANAGER         7839 09-JUN-81       2450                    10               
      7788 SCOTT      ANALYST         7566 09-DEC-82       3000                    20               
      7839 KING       PRESIDENT            17-NOV-81       5000                    10               
      7844 TURNER     SALESMAN        7698 08-SEP-81       1500          0         30               
      7876 ADAMS      CLERK           7788 12-JAN-83       1100                    20               

     EMPNO ENAME      JOB              MGR HIREDATE         SAL       COMM     DEPTNO               
---------- ---------- --------- ---------- --------- ---------- ---------- ----------               
      7900 JAMES      CLERK           7698 03-DEC-81        950                    30               
      7902 FORD       ANALYST         7566 03-DEC-81       3000                    20               
      7934 MILLER     CLERK           7782 23-JAN-82       1300                    40               

14 rows selected.

SQL> insert into v1(empno,ename,sal,deptno) values(1001,'jan',5461,50);

1 row created.

SQL> select * from emp;

     EMPNO ENAME      JOB              MGR HIREDATE         SAL       COMM     DEPTNO               
---------- ---------- --------- ---------- --------- ---------- ---------- ----------               
      7369 SMITH      CLERK           7902 17-DEC-80        800                    20               
      7499 ALLEN      SALESMAN        7698 20-FEB-81       1600        300         30               
      7521 WARD       SALESMAN        7698 22-FEB-81       1250        500         30               
      7566 JONES      MANAGER         7839 02-APR-81       2975                    20               
      7654 MARTIN     SALESMAN        7698 28-SEP-81       1250       1400         30               
      7698 BLAKE      MANAGER         7839 01-MAY-81       2850                    30               
      7782 CLARK      MANAGER         7839 09-JUN-81       2450                    10               
      7788 SCOTT      ANALYST         7566 09-DEC-82       3000                    20               
      7839 KING       PRESIDENT            17-NOV-81       5000                    10               
      7844 TURNER     SALESMAN        7698 08-SEP-81       1500          0         30               
      7876 ADAMS      CLERK           7788 12-JAN-83       1100                    20               

     EMPNO ENAME      JOB              MGR HIREDATE         SAL       COMM     DEPTNO               
---------- ---------- --------- ---------- --------- ---------- ---------- ----------               
      7900 JAMES      CLERK           7698 03-DEC-81        950                    30               
      7902 FORD       ANALYST         7566 03-DEC-81       3000                    20               
      7934 MILLER     CLERK           7782 23-JAN-82       1300                    40               
      1001 jan                                             5461                    50               

15 rows selected.

SQL> select * from v1;

     EMPNO ENAME      JOB              MGR HIREDATE         SAL       COMM     DEPTNO               
---------- ---------- --------- ---------- --------- ---------- ---------- ----------               
      7369 SMITH      CLERK           7902 17-DEC-80        800                    20               
      7499 ALLEN      SALESMAN        7698 20-FEB-81       1600        300         30               
      7521 WARD       SALESMAN        7698 22-FEB-81       1250        500         30               
      7566 JONES      MANAGER         7839 02-APR-81       2975                    20               
      7654 MARTIN     SALESMAN        7698 28-SEP-81       1250       1400         30               
      7698 BLAKE      MANAGER         7839 01-MAY-81       2850                    30               
      7782 CLARK      MANAGER         7839 09-JUN-81       2450                    10               
      7788 SCOTT      ANALYST         7566 09-DEC-82       3000                    20               
      7839 KING       PRESIDENT            17-NOV-81       5000                    10               
      7844 TURNER     SALESMAN        7698 08-SEP-81       1500          0         30               
      7876 ADAMS      CLERK           7788 12-JAN-83       1100                    20               

     EMPNO ENAME      JOB              MGR HIREDATE         SAL       COMM     DEPTNO               
---------- ---------- --------- ---------- --------- ---------- ---------- ----------               
      7900 JAMES      CLERK           7698 03-DEC-81        950                    30               
      7902 FORD       ANALYST         7566 03-DEC-81       3000                    20               
      7934 MILLER     CLERK           7782 23-JAN-82       1300                    40               
      1001 jan                                             5461                    50               

15 rows selected.

SQL> drop view v1;

View dropped.

SQL> select * from emp;

     EMPNO ENAME      JOB              MGR HIREDATE         SAL       COMM     DEPTNO               
---------- ---------- --------- ---------- --------- ---------- ---------- ----------               
      7369 SMITH      CLERK           7902 17-DEC-80        800                    20               
      7499 ALLEN      SALESMAN        7698 20-FEB-81       1600        300         30               
      7521 WARD       SALESMAN        7698 22-FEB-81       1250        500         30               
      7566 JONES      MANAGER         7839 02-APR-81       2975                    20               
      7654 MARTIN     SALESMAN        7698 28-SEP-81       1250       1400         30               
      7698 BLAKE      MANAGER         7839 01-MAY-81       2850                    30               
      7782 CLARK      MANAGER         7839 09-JUN-81       2450                    10               
      7788 SCOTT      ANALYST         7566 09-DEC-82       3000                    20               
      7839 KING       PRESIDENT            17-NOV-81       5000                    10               
      7844 TURNER     SALESMAN        7698 08-SEP-81       1500          0         30               
      7876 ADAMS      CLERK           7788 12-JAN-83       1100                    20               

     EMPNO ENAME      JOB              MGR HIREDATE         SAL       COMM     DEPTNO               
---------- ---------- --------- ---------- --------- ---------- ---------- ----------               
      7900 JAMES      CLERK           7698 03-DEC-81        950                    30               
      7902 FORD       ANALYST         7566 03-DEC-81       3000                    20               
      7934 MILLER     CLERK           7782 23-JAN-82       1300                    40               
      1001 jan                                             5461                    50               

15 rows selected.

SQL> select * from v1;
select * from v1
              *
ERROR at line 1:
ORA-00942: table or view does not exist 


SQL> spool off;
