SQL> SELECT * FROM TEMP;

     EMPNO ENAME      JOB              MGR HIREDATE         SAL       COMM     DEPTNO EMAIL                                                           
---------- ---------- --------- ---------- --------- ---------- ---------- ---------- --------------------                                            
      7369 SMITH      CLERK           7902 17-DEC-80        800                    20                                                                 
      7499 ALLEN      SALESMAN        7698 20-FEB-81       1600        300         30                                                                 
      7521 WARD       SALESMAN        7698 22-FEB-81       1250        500         30                                                                 
      7566 JONES      MANAGER         7839 02-APR-81       2975                    20                                                                 
      7654 MARTIN     SALESMAN        7698 28-SEP-81       1250       1400         30                                                                 
      7698 BLAKE      MANAGER         7839 01-MAY-81       2850                    30                                                                 
      7782 CLARK      MANAGER         7839 09-JUN-81       2450                    10                                                                 
      7788 SCOTT      ANALYST         7566 09-DEC-82       3000                    20                                                                 
      7839 KING       PRESIDENT            17-NOV-81       5000                    10                                                                 
      7844 TURNER     SALESMAN        7698 08-SEP-81       1500          0         30                                                                 
      7876 ADAMS      CLERK           7788 12-JAN-83       1100                    20                                                                 

     EMPNO ENAME      JOB              MGR HIREDATE         SAL       COMM     DEPTNO EMAIL                                                           
---------- ---------- --------- ---------- --------- ---------- ---------- ---------- --------------------                                            
      7900 JAMES      CLERK           7698 03-DEC-81        950                    30                                                                 
      7902 FORD       ANALYST         7566 03-DEC-81       3000                    20                                                                 
      7934 MILLER     CLERK           7782 23-JAN-82       1300                    40                                                                 

14 rows selected.

SQL> select CONSTRAINT_NAME,CONSTRAINT_TYPE,TABLE_NAME,STATUS,INDEX_NAME,DEFERRABLE
  2  FROM USER_CONSTRAINTS
  3  WHERE TABLE_NAME='TEMP';

CONSTRAINT_NAME                C TABLE_NAME                     STATUS   INDEX_NAME                     DEFERRABLE                                    
------------------------------ - ------------------------------ -------- ------------------------------ --------------                                
TEMP_PK                        P TEMP                           ENABLED  TEMP_PK                        DEFERRABLE                                    

SQL> ROLLBACK;

Rollback complete.

SQL> select CONSTRAINT_NAME,CONSTRAINT_TYPE,TABLE_NAME,STATUS,INDEX_NAME,DEFERRABLE
  2  FROM USER_CONSTRAINTS
  3  WHERE TABLE_NAME='TEMP';

CONSTRAINT_NAME                C TABLE_NAME                     STATUS   INDEX_NAME                     DEFERRABLE                                    
------------------------------ - ------------------------------ -------- ------------------------------ --------------                                
TEMP_PK                        P TEMP                           ENABLED  TEMP_PK                        DEFERRABLE                                    

SQL> CREATE SNAPSHOT SE
  2  AS
  3  SELECT EMPNO,ENAME,SAL,DEPTNO
  4  FROM TEMP;

Materialized view created.

SQL> DESC TEMP;
 Name                                                                                Null?    Type
 ----------------------------------------------------------------------------------- -------- --------------------------------------------------------
 EMPNO                                                                                        NUMBER(4)
 ENAME                                                                                        VARCHAR2(10)
 JOB                                                                                          VARCHAR2(9)
 MGR                                                                                          NUMBER(4)
 HIREDATE                                                                                     DATE
 SAL                                                                                          NUMBER(7,2)
 COMM                                                                                         NUMBER(7,2)
 DEPTNO                                                                                       NUMBER(2)
 EMAIL                                                                                        VARCHAR2(20)

SQL> ALTER TABLE TEMP DROP PRIMARY KEY;

Table altered.

SQL> DESC TEMP;
 Name                                                                                Null?    Type
 ----------------------------------------------------------------------------------- -------- --------------------------------------------------------
 EMPNO                                                                                        NUMBER(4)
 ENAME                                                                                        VARCHAR2(10)
 JOB                                                                                          VARCHAR2(9)
 MGR                                                                                          NUMBER(4)
 HIREDATE                                                                                     DATE
 SAL                                                                                          NUMBER(7,2)
 COMM                                                                                         NUMBER(7,2)
 DEPTNO                                                                                       NUMBER(2)
 EMAIL                                                                                        VARCHAR2(20)

SQL> ALTER TABLE TEMP ADD PRIMARY KEY(EMPNO);

Table altered.

SQL> DESC TEMP;
 Name                                                                                Null?    Type
 ----------------------------------------------------------------------------------- -------- --------------------------------------------------------
 EMPNO                                                                               NOT NULL NUMBER(4)
 ENAME                                                                                        VARCHAR2(10)
 JOB                                                                                          VARCHAR2(9)
 MGR                                                                                          NUMBER(4)
 HIREDATE                                                                                     DATE
 SAL                                                                                          NUMBER(7,2)
 COMM                                                                                         NUMBER(7,2)
 DEPTNO                                                                                       NUMBER(2)
 EMAIL                                                                                        VARCHAR2(20)

SQL> CREATE SNAPSHOT SE
  2  AS
  3  SELECT EMPNO,ENAME,SAL,DEPTNO
  4  FROM TEMP
  5  /
FROM TEMP
     *
ERROR at line 4:
ORA-12006: a materialized view with the same user.name already exists 


SQL> ED
Wrote file afiedt.buf

  1  CREATE SNAPSHOT SE1
  2  AS
  3  SELECT EMPNO,ENAME,SAL,DEPTNO
  4* FROM TEMP
SQL> /

Materialized view created.

SQL> ALTER TABLE TEMP DROP PRIMARY KEY;

Table altered.

SQL> CREATE SNAPSHOT SE1
  2  AS
  3  SELECT EMPNO,ENAME,SAL,DEPTNO
  4  FROM TEMP
  5  .
SQL> ED
Wrote file afiedt.buf

  1  CREATE SNAPSHOT SE2
  2  AS
  3  SELECT EMPNO,ENAME,SAL,DEPTNO
  4* FROM TEMP
SQL> /
FROM TEMP
     *
ERROR at line 4:
ORA-12014: table 'TEMP' does not contain a primary key constraint 


SQL> ALTER TABLE TEMP ADD PRIMARY KEY(EMPNO);

Table altered.

SQL>  CREATE SNAPSHOT SE1
  2   AS
  3   SELECT EMPNO,ENAME,SAL,DEPTNO
  4   FROM TEMP;
 FROM TEMP
      *
ERROR at line 4:
ORA-12006: a materialized view with the same user.name already exists 


SQL> ED
Wrote file afiedt.buf

  1   CREATE SNAPSHOT SE2
  2   AS
  3   SELECT EMPNO,ENAME,SAL,DEPTNO
  4*  FROM TEMP
SQL> /

Materialized view created.

SQL> SELECT * FROM SE2;

     EMPNO ENAME             SAL     DEPTNO                                                                                                           
---------- ---------- ---------- ----------                                                                                                           
      7369 SMITH             800         20                                                                                                           
      7499 ALLEN            1600         30                                                                                                           
      7521 WARD             1250         30                                                                                                           
      7566 JONES            2975         20                                                                                                           
      7654 MARTIN           1250         30                                                                                                           
      7698 BLAKE            2850         30                                                                                                           
      7782 CLARK            2450         10                                                                                                           
      7788 SCOTT            3000         20                                                                                                           
      7839 KING             5000         10                                                                                                           
      7844 TURNER           1500         30                                                                                                           
      7876 ADAMS            1100         20                                                                                                           

     EMPNO ENAME             SAL     DEPTNO                                                                                                           
---------- ---------- ---------- ----------                                                                                                           
      7900 JAMES             950         30                                                                                                           
      7902 FORD             3000         20                                                                                                           
      7934 MILLER           1300         40                                                                                                           

14 rows selected.

SQL> INSERT INTO TEMP(EMPNO,ENAME,SAL,DEPTNO) VALUES(1001,'VINO',5461,20);

1 row created.

SQL> SELECT * FROM TEMP;

     EMPNO ENAME      JOB              MGR HIREDATE         SAL       COMM     DEPTNO EMAIL                                                           
---------- ---------- --------- ---------- --------- ---------- ---------- ---------- --------------------                                            
      7369 SMITH      CLERK           7902 17-DEC-80        800                    20                                                                 
      7499 ALLEN      SALESMAN        7698 20-FEB-81       1600        300         30                                                                 
      7521 WARD       SALESMAN        7698 22-FEB-81       1250        500         30                                                                 
      7566 JONES      MANAGER         7839 02-APR-81       2975                    20                                                                 
      7654 MARTIN     SALESMAN        7698 28-SEP-81       1250       1400         30                                                                 
      7698 BLAKE      MANAGER         7839 01-MAY-81       2850                    30                                                                 
      7782 CLARK      MANAGER         7839 09-JUN-81       2450                    10                                                                 
      7788 SCOTT      ANALYST         7566 09-DEC-82       3000                    20                                                                 
      7839 KING       PRESIDENT            17-NOV-81       5000                    10                                                                 
      7844 TURNER     SALESMAN        7698 08-SEP-81       1500          0         30                                                                 
      7876 ADAMS      CLERK           7788 12-JAN-83       1100                    20                                                                 

     EMPNO ENAME      JOB              MGR HIREDATE         SAL       COMM     DEPTNO EMAIL                                                           
---------- ---------- --------- ---------- --------- ---------- ---------- ---------- --------------------                                            
      7900 JAMES      CLERK           7698 03-DEC-81        950                    30                                                                 
      7902 FORD       ANALYST         7566 03-DEC-81       3000                    20                                                                 
      7934 MILLER     CLERK           7782 23-JAN-82       1300                    40                                                                 
      1001 VINO                                            5461                    20                                                                 

15 rows selected.

SQL> SELECT * FROM SE2;

     EMPNO ENAME             SAL     DEPTNO                                                                                                           
---------- ---------- ---------- ----------                                                                                                           
      7369 SMITH             800         20                                                                                                           
      7499 ALLEN            1600         30                                                                                                           
      7521 WARD             1250         30                                                                                                           
      7566 JONES            2975         20                                                                                                           
      7654 MARTIN           1250         30                                                                                                           
      7698 BLAKE            2850         30                                                                                                           
      7782 CLARK            2450         10                                                                                                           
      7788 SCOTT            3000         20                                                                                                           
      7839 KING             5000         10                                                                                                           
      7844 TURNER           1500         30                                                                                                           
      7876 ADAMS            1100         20                                                                                                           

     EMPNO ENAME             SAL     DEPTNO                                                                                                           
---------- ---------- ---------- ----------                                                                                                           
      7900 JAMES             950         30                                                                                                           
      7902 FORD             3000         20                                                                                                           
      7934 MILLER           1300         40                                                                                                           

14 rows selected.

SQL> COMMIT;

Commit complete.

SQL> SELECT * FROM SE2;

     EMPNO ENAME             SAL     DEPTNO                                                                                                           
---------- ---------- ---------- ----------                                                                                                           
      7369 SMITH             800         20                                                                                                           
      7499 ALLEN            1600         30                                                                                                           
      7521 WARD             1250         30                                                                                                           
      7566 JONES            2975         20                                                                                                           
      7654 MARTIN           1250         30                                                                                                           
      7698 BLAKE            2850         30                                                                                                           
      7782 CLARK            2450         10                                                                                                           
      7788 SCOTT            3000         20                                                                                                           
      7839 KING             5000         10                                                                                                           
      7844 TURNER           1500         30                                                                                                           
      7876 ADAMS            1100         20                                                                                                           

     EMPNO ENAME             SAL     DEPTNO                                                                                                           
---------- ---------- ---------- ----------                                                                                                           
      7900 JAMES             950         30                                                                                                           
      7902 FORD             3000         20                                                                                                           
      7934 MILLER           1300         40                                                                                                           

14 rows selected.

SQL> EXEC DBMS_MVIEW.REFRESH('SE2');

PL/SQL procedure successfully completed.

SQL> SELECT * FROM SE2;

     EMPNO ENAME             SAL     DEPTNO                                                                                                           
---------- ---------- ---------- ----------                                                                                                           
      7369 SMITH             800         20                                                                                                           
      7499 ALLEN            1600         30                                                                                                           
      7521 WARD             1250         30                                                                                                           
      7566 JONES            2975         20                                                                                                           
      7654 MARTIN           1250         30                                                                                                           
      7698 BLAKE            2850         30                                                                                                           
      7782 CLARK            2450         10                                                                                                           
      7788 SCOTT            3000         20                                                                                                           
      7839 KING             5000         10                                                                                                           
      7844 TURNER           1500         30                                                                                                           
      7876 ADAMS            1100         20                                                                                                           

     EMPNO ENAME             SAL     DEPTNO                                                                                                           
---------- ---------- ---------- ----------                                                                                                           
      7900 JAMES             950         30                                                                                                           
      7902 FORD             3000         20                                                                                                           
      7934 MILLER           1300         40                                                                                                           
      1001 VINO             5461         20                                                                                                           

15 rows selected.

SQL> ROLLBACK;

Rollback complete.

SQL> SELECT * FROM TEMP;

     EMPNO ENAME      JOB              MGR HIREDATE         SAL       COMM     DEPTNO EMAIL                                                           
---------- ---------- --------- ---------- --------- ---------- ---------- ---------- --------------------                                            
      7369 SMITH      CLERK           7902 17-DEC-80        800                    20                                                                 
      7499 ALLEN      SALESMAN        7698 20-FEB-81       1600        300         30                                                                 
      7521 WARD       SALESMAN        7698 22-FEB-81       1250        500         30                                                                 
      7566 JONES      MANAGER         7839 02-APR-81       2975                    20                                                                 
      7654 MARTIN     SALESMAN        7698 28-SEP-81       1250       1400         30                                                                 
      7698 BLAKE      MANAGER         7839 01-MAY-81       2850                    30                                                                 
      7782 CLARK      MANAGER         7839 09-JUN-81       2450                    10                                                                 
      7788 SCOTT      ANALYST         7566 09-DEC-82       3000                    20                                                                 
      7839 KING       PRESIDENT            17-NOV-81       5000                    10                                                                 
      7844 TURNER     SALESMAN        7698 08-SEP-81       1500          0         30                                                                 
      7876 ADAMS      CLERK           7788 12-JAN-83       1100                    20                                                                 

     EMPNO ENAME      JOB              MGR HIREDATE         SAL       COMM     DEPTNO EMAIL                                                           
---------- ---------- --------- ---------- --------- ---------- ---------- ---------- --------------------                                            
      7900 JAMES      CLERK           7698 03-DEC-81        950                    30                                                                 
      7902 FORD       ANALYST         7566 03-DEC-81       3000                    20                                                                 
      7934 MILLER     CLERK           7782 23-JAN-82       1300                    40                                                                 
      1001 VINO                                            5461                    20                                                                 

15 rows selected.

SQL> SELECT * FROM SE2;

     EMPNO ENAME             SAL     DEPTNO                                                                                                           
---------- ---------- ---------- ----------                                                                                                           
      7369 SMITH             800         20                                                                                                           
      7499 ALLEN            1600         30                                                                                                           
      7521 WARD             1250         30                                                                                                           
      7566 JONES            2975         20                                                                                                           
      7654 MARTIN           1250         30                                                                                                           
      7698 BLAKE            2850         30                                                                                                           
      7782 CLARK            2450         10                                                                                                           
      7788 SCOTT            3000         20                                                                                                           
      7839 KING             5000         10                                                                                                           
      7844 TURNER           1500         30                                                                                                           
      7876 ADAMS            1100         20                                                                                                           

     EMPNO ENAME             SAL     DEPTNO                                                                                                           
---------- ---------- ---------- ----------                                                                                                           
      7900 JAMES             950         30                                                                                                           
      7902 FORD             3000         20                                                                                                           
      7934 MILLER           1300         40                                                                                                           
      1001 VINO             5461         20                                                                                                           

15 rows selected.

SQL> SPOOL OFF;
